text,label
"人工智能是计算机科学的重要分支，它致力于研究如何使计算机能够模拟人类的智能行为。深度学习是人工智能的核心技术之一，它通过多层神经网络来学习数据的特征表示。",AI
"首先，神经网络的基本单元是神经元，它接收输入信号并产生输出。其次，多层神经网络可以学习更复杂的特征。此外，深度学习在图像识别、自然语言处理等领域取得了显著成果。",AI
"总的来说，人工智能技术的发展为各个行业带来了新的机遇，同时也带来了一些挑战。一方面，它可以提高工作效率；另一方面，它也可能替代部分人类工作。",AI
"卷积神经网络是一种专门用于处理图像数据的神经网络结构。它在计算机视觉领域有着广泛的应用，如图像分类、目标检测等。",AI
"机器学习是人工智能的核心技术之一，它使计算机能够从数据中学习规律，而不需要明确地编程。",AI
"哎，今天天气真不错啊！我想起了小时候，那时候夏天总是那么漫长。妈妈总是在院子里摆个小桌子，我们就坐在那儿乘凉、吃西瓜。",Human
"那种感觉，现在想起来还是甜甜的。不过话说回来，现在的孩子可能很难体会到了吧。前几天我去菜市场买菜，看到卖西瓜的大爷，突然就想起奶奶了。",Human
"她以前总说挑西瓜要看纹路，还要听听声音，咚咚的才好。其实我也不懂，但每次买回来的西瓜确实挺甜的，可能是运气好吧。",Human
"说真的，现在的生活节奏太快了，有时候真想慢下来，好好感受一下生活。昨天和朋友聊天，她说最近工作压力很大，每天都有做不完的事情。",Human
"我告诉她，工作虽然重要，但身体更重要，要注意休息。其实我也经常熬夜，知道这样不好，但就是控制不住自己。可能这就是现代人的通病吧。",Human
"自然语言处理是人工智能的重要应用领域，它致力于让计算机能够理解和生成人类语言。主要包括文本分类、命名实体识别、情感分析等任务。",AI
"强化学习是机器学习的一个重要分支，它通过与环境交互来学习最优策略。智能体在环境中采取行动，获得奖励或惩罚，从而不断调整策略。",AI
"数据是人工智能的基础，算法是人工智能的核心，算力是人工智能的支撑。这三者共同构成了人工智能发展的三大要素。",AI
"你知道吗，我最近开始学习做菜了，虽然做得不太好，但还是挺有成就感的。第一次做菜的时候，差点把厨房烧了，现在想想都后怕。",Human
"不过慢慢地就熟练了，现在也能做出几道像样的菜了。我觉得做菜和做人一样，都需要耐心和用心，不能急于求成。",Human
"我喜欢听音乐，特别是轻音乐，听了之后心情会变得很平静。有时候工作累了，就会放一首轻音乐，闭上眼睛休息一会儿。",Human
"昨天我去看了一场电影，挺感人的，看完之后想了很多。电影里的主人公经历了很多挫折，但最后还是坚持下来了，这让我很受启发。",Human
"我觉得人生就是这样，总会遇到各种困难，但只要坚持下去，总会看到希望的。其实每个人都会有低谷期，关键是要相信自己。",Human
"循环神经网络是一种适合处理序列数据的神经网络结构。它在自然语言处理、语音识别等领域有着广泛的应用。",AI
"Transformer是一种基于注意力机制的神经网络结构，它在自然语言处理领域取得了巨大的成功，是GPT、BERT等模型的基础。",AI
